﻿{
  "$schema": "https://developer.microsoft.com/en-us/json-schemas/teams/v1.7/MicrosoftTeams.Localization.schema.json",
  "name.short": "Обучение сотрудников",
  "name.full": "Обучение сотрудников",
  "description.short": "Возможности узнавать о событиях, регистрироваться и обмениваться сведениями.",
  "description.full": "Предложите сотрудникам обучаться там, где они тратят больше всего времени: непосредственно в Microsoft Teams. Администраторы могут создавать новые учебные события, указывать их участников, выбирать, является ли событие обязательным, а также закрывать регистрацию после достижения необходимого количества участников. После добавления этого приложения в канал Teams сотрудники смогут посещать вкладку \"Обнаружение\", чтобы просматривать события, регистрироваться для участия в интересующих событиях, а также использовать расширение этого приложения для обмена сообщениями, чтобы предлагать события своим коллегам и непосредственным подчиненным. После регистрации сотрудники будут получать уведомления в Teams, поэтому они никогда не пропустят события.",
  "staticTabs[0].name": "Обнаружить события",
  "staticTabs[1].name": "Ваши события",
  "composeExtensions[0].commands[0].title": "Последние",
  "composeExtensions[0].commands[0].description": "Показать все созданные события",
  "composeExtensions[0].commands[0].parameters[0].description": "Введите для поиска событий",
  "composeExtensions[0].commands[1].title": "Популярные",
  "composeExtensions[0].commands[1].description": "Показать популярные события",
  "composeExtensions[0].commands[1].parameters[0].description": "Введите для поиска событий"
}